[
    {
        "prd_qty": "60*90*120*180*270*360",
        "prd_mg": "25*50*100*120*150*200" 
    },
    {
        "prd_qty": "30*60*90*120*180",
        "prd_mg": "100"
    },
    {
        "prd_qty": "30*60*90*120*180*270*360",
        "prd_mg": "10*20*40"
    },
    {
        "prd_qty": "30*60*90*120*180*270*360",
        "prd_mg": "100/60"
    },
    {
        "prd_qty": "30*60*90*120*180*270*360",
        "prd_mg": "10*20"
    },
    {
        "prd_qty": "30*60*90*120*180*270",
        "prd_mg": "20"
    },
    {
        "prd_qty": "30*60*90*120*180",
        "prd_mg": "20/60*40/60"
    },
    {
        "prd_qty": "30*60*90*120*180*270*360",
        "prd_mg": "100"
    },
    {
        "prd_qty": "30*60*90*120*180*270*360",
        "prd_mg": "120"
    },
    {
        "prd_qty": "30*60*90*120",
        "prd_mg": "50*100"
    },
    {
        "prd_qty": "10",
        "prd_mg": "50*100"
    },
    {
        "prd_qty": "30*60*90*120",
        "prd_mg": "20"
    },
    {
        "prd_qty": "60*90*120*180*270*360",
        "prd_mg": "50*100"
    },
    {
        "prd_qty": "30*60*90*120*180",
        "prd_mg": "20"
    },
    {
        "prd_qty": "30*60*90*120*180*270*360",
        "prd_mg": "100"
    },
    {
        "price_qty": "30*60*90*120*180*270*360",
        "prd_mg": "100/60"
    },
    {
        "prd_qty": "30*60*90*120*180*270*360",
        "prd_mg": "20"
    },
    {
        "prd_qty": "30*60*90*120*180",
        "prd_mg": "20"
    },
    {
        "prd_qty": "30*60*90*120*180",
        "prd_mg": "20"
    },
    {
        "prd_qty": "30*60*90*120*180",
        "prd_mg": "40/60"
    },
    {
        "prd_qty": "30*60*90*120",
        "prd_mg": "20"
    },
    {
        "prd_qty": "30*60*20",
        "prd_mg": "20"
    }
]